{"type": "block", "layer": 0, "block": 0, "features": [{"geom": {"lines": [[[-2.388233047735897, 2.42566126025236, 0.0], [-2.448849859927296, 2.355718784646898, 0.0], [-2.4861525135835425, 2.313753299283622, 0.0], [-2.5421064940679114, 2.2344851602640983, 0.0], [-2.6027233062593114, 2.1598798529516063, 0.0], [-2.6400259599155573, 2.071286050518022, 0.0], [-2.6260374647944653, 1.9873550797914687, 0.0], [-2.5840719794311884, 1.9314010993070998, 0.0], [-2.481489681876512, 1.9127497724789768, 0.0], [-2.3518697550142473, 1.904205384758586, 0.0], [-2.240792714649171, 1.904205384758586, 0.0], [-2.161757128235559, 1.899933190898391, 0.0], [-1.9972776646180428, 1.906341481688684, 0.0], [-1.873384042672381, 1.914885869409075, 0.0], [-1.745218226866524, 1.914885869409075, 0.0], [-1.5786026663189094, 1.914885869409075, 0.0], [-1.4589812382334433, 1.914885869409075, 0.0], [-1.3671290702392458, 1.8871166093178051, 0.0], [-1.3158627439169028, 1.8529390584362435, 0.0], [-1.3179988408470007, 1.820897604484779, 0.0], [-1.322271034707196, 1.7845839566731194, 0.0], [-1.3350876162877818, 1.743998115001265, 0.0], [-1.3649929733091481, 1.7140927579798984, 0.0], [-1.448300753582955, 1.6799152070983367, 0.0], [-1.4675256259538343, 1.6436015592866773, 0.0], [-1.5444251154373485, 1.6051518145449197, 0.0], [-1.6725909312432052, 1.5239801312012107, 0.0], [-1.7345377422160362, 1.4812581925992583, 0.0], [-1.960964016806383, 1.2975538566108624, 0.0], [-2.155348837445266, 1.1288021991331516, 0.0], [-2.266425877810343, 1.01345296490788, 0.0], [-2.4116804690569804, 0.8810149552418287, 0.0], [-2.4736272800298114, 0.8019793688282156, 0.0], [-2.544118478723033, 0.6481803898611875, 0.0], [-2.539846284862838, 0.5584643187970877, 0.0], [-2.488254203758655, 0.504451038575669, 0.0], [-2.364614243323442, 0.45746785361028885, 0.0], [-2.2360286844708206, 0.4401582591493581, 0.0], [-2.1074431256181994, 0.41048466864490674, 0.0], [-1.9541295746785354, 0.4030662710187944, 0.0], [-1.8156528189910977, 0.36844708209693583, 0.0], [-1.6499752720079126, 0.3486646884273009, 0.0], [-1.4991345202769528, 0.3115727002967382, 0.0], [-1.3359297725024721, 0.27448071216617353, 0.0], [-1.1257418397626107, 0.25964391691394784, 0.0], [-0.9204995054401577, 0.23986152324431395, 0.0], [-0.8364243323442133, 0.23986152324431395, 0.0]]]}, "mtl": 0}, {"geom": {"lines": [[[-0.8308605341246289, 0.23738872403560982, 0.0], [-0.6231454005934711, 0.22749752720079336, 0.0], [-0.5044510385756668, 0.21513353115727082, 0.0], [-0.29673590504450953, 0.18051434223541124, 0.0], [-0.15331355093966326, 0.14589515331355266, 0.0], [-0.02225519287833766, 0.10880316518298895, 0.0], [0.09891196834817095, 0.0618199802176078, 0.0], [0.22749752720079175, 1.9744619171869747e-15, 0.0], [0.3214638971315531, -0.09334817012858428, 0.0], [0.34866468842730036, -0.1551681503461901, 0.0], [0.3288822947576664, -0.19967853610286762, 0.0], [0.28437190900098996, -0.25408011869436065, 0.0], [0.22502472799208695, -0.32826409495548803, 0.0], [0.14836795252225587, -0.39502967359050306, 0.0], [0.09396636993076246, -0.4444856577645873, 0.0], [0.03956478733926905, -0.491468842729969, 0.0], [-0.08160237388724068, -0.6219090009891184, 0.0], [-0.08902077151335286, -0.6565281899109775, 0.0], [-0.11622156280909957, -0.7232937685459926, 0.0], [-0.15578635014836806, -0.7875865479723025, 0.0], [-0.18051434223540996, -0.8419881305637965, 0.0], [-0.2274975272007912, -0.8889713155291772, 0.0], [-0.3264094955489605, -0.9384272997032624, 0.0], [-0.41543026706231445, -0.9829376854599389, 0.0], [-0.5761622156280904, -1.0571216617210664, 0.0], [-0.771513353115727, -1.1288328387734896, 0.0], [-0.8184965380811077, -1.1436696340257153, 0.0], [-0.8871167161226501, -1.2073442136498502, 0.0], [-0.9538822947576647, -1.2741097922848643, 0.0], [-0.9711918892185945, -1.3384025717111752, 0.0], [-0.981083086053412, -1.4026953511374856, 0.0], [-0.9217359050445101, -1.4373145400593457, 0.0], [-0.8351879327398609, -1.442260138476754, 0.0], [-0.6546735905044504, -1.4175321463897108, 0.0], [-0.5359792284866466, -1.4076409495548943, 0.0], [-0.43212166172106825, -1.3977497527200773, 0.0], [-0.3035361028684469, -1.4051681503461901, 0.0], [-0.16505934718100856, -1.4002225519287814, 0.0], [0.0179277942631062, -1.3928041543026681, 0.0], [0.20091493570722152, -1.4051681503461901, 0.0], [0.322082096933729, -1.4150593471810067, 0.0], [0.3931750741839768, -1.41938674579624, 0.0], [0.47230464886251267, -1.4391691394658737, 0.0], [0.5514342235410497, -1.4812067260138457, 0.0], [0.6379821958456988, -1.5553907022749731, 0.0], [0.7072205736894166, -1.659248269040552, 0.0], [0.7344213649851639, -1.696340257171116, 0.0]]]}, "mtl": 0}]}