{"type": "block", "layer": 2, "block": 0, "features": [{"geom": {"lines": [[[-3.385331502612692, 2.1534078570642636, 0.0], [-3.364195107509685, 2.200964746046028, 0.0], [-3.323683683562255, 2.280226227682304, 0.0], [-3.2778881608390744, 2.3224990178883167, 0.0], [-3.1651607202897045, 2.3665331743529134, 0.0], [-3.0260127858615777, 2.412328697076095, 0.0], [-2.994308193207067, 2.422896894627599, 0.0]]]}, "mtl": 0}, {"geom": {"lines": [[[-3.387273195104068, 1.5401596484166291, 0.0], [-3.3416271631355836, 1.639059384348345, 0.0], [-3.3020672687628974, 1.7455667922748086, 0.0], [-3.238162824007019, 1.8748972161855144, 0.0], [-3.169693776054292, 1.9829261585109281, 0.0], [-3.1179616064900095, 2.042266000069957, 0.0], [-3.0373202833456876, 2.0985627728310887, 0.0], [-2.9521143570045165, 2.1579026143901188, 0.0], [-2.8638653618654466, 2.2081132495554514, 0.0], [-2.7756163667263767, 2.262888487917632, 0.0], [-2.67823816519361, 2.3161421918808642, 0.0], [-2.6249844612303788, 2.3480944142588034, 0.0], [-2.5595584820755506, 2.3800466366367425, 0.0], [-2.5002186405165205, 2.415041927812581, 0.0]]]}, "mtl": 0}, {"geom": {"lines": [[[-3.385835849105331, 1.2125258584879186, 0.0], [-3.34004032638215, 1.2724123112797716, 0.0], [-3.2907220711418006, 1.3322987640716235, 0.0], [-3.225551519574197, 1.4009920481563949, 0.0], [-3.1920855606611025, 1.437980739586657, 0.0], [-3.1357218403864184, 1.4943444598613411, 0.0], [-3.0881649514046527, 1.5313331512916033, 0.0], [-3.028278498612801, 1.5736059414976171, 0.0], [-2.971914778338116, 1.6070719004107104, 0.0], [-2.9102669592876795, 1.6546287893924758, 0.0], [-2.8433350414614917, 1.7039470446328253, 0.0], [-2.7658349260837998, 1.772640328717597, 0.0], [-2.7182780371020354, 1.8360495140266166, 0.0], [-2.676005246896022, 1.9029814318528042, 0.0], [-2.621402892879922, 1.9769588147133275, 0.0], [-2.565039172605237, 2.054458930091019, 0.0], [-2.4893004234861293, 2.1548568068303013, 0.0], [-2.3748116166781763, 2.2041750620706497, 0.0], [-2.3025956000762364, 2.2323569222079924, 0.0], [-2.1652090319066923, 2.2887206424826765, 0.0], [-2.0489588588401557, 2.329232066430106, 0.0], [-1.9503223483594578, 2.3609366590846155, 0.0], [-1.8481631053615921, 2.3961639842562947, 0.0], [-1.7777084550182365, 2.4190617456178845, 0.0]]]}, "mtl": 0}, {"geom": {"lines": [[[-3.3873967639071303, 0.5704049179083874, 0.0], [-3.342436778294325, 0.5793969150309481, 0.0], [-3.2884847955589604, 0.6063729063986315, 0.0], [-3.254764806349357, 0.635596897046955, 0.0], [-3.2075568214559116, 0.6805568826597589, 0.0], [-3.140116843036705, 0.7772208517272892, 0.0], [-3.1019008552658214, 0.8401648315852146, 0.0], [-3.0681808660562178, 0.9053568107237823, 0.0], [-3.0389568754078944, 0.9638047920204273, 0.0], [-3.0164768826014923, 1.006516778352593, 0.0], [-2.985004892672529, 1.0559727625266773, 0.0], [-2.9422929063403647, 1.1144207438233233, 0.0], [-2.9153169149726823, 1.1481407330329272, 0.0], [-2.79842095237939, 1.215580711452134, 0.0], [-2.7467169689246647, 1.2448047021004565, 0.0], [-2.6523009991377746, 1.2875166884326212, 0.0], [-2.5601330286315256, 1.309996681239024, 0.0], [-2.4612210602833557, 1.3482126690099074, 0.0], [-2.31510110704174, 1.402164651745272, 0.0], [-2.21843713797421, 1.4516206359193582, 0.0], [-2.0745651840132355, 1.4988286208128023, 0.0], [-2.011621204155309, 1.5190606143385652, 0.0], [-1.908213237245859, 1.5617726006707289, 0.0], [-1.7845732768106455, 1.5999885884416132, 0.0], [-1.5356073564797401, 1.7123885524736238, 0.0], [-1.4366953881315703, 1.7685885344896295, 0.0], [-1.3849914046768448, 1.8090525215411541, 0.0], [-1.3130554276963573, 1.8877324963635629, 0.0], [-1.2501114478384312, 1.9574204740634098, 0.0], [-1.1961594651030656, 2.0046284589568537, 0.0], [-1.0371135159977696, 2.121524421550147, 0.0], [-0.9629295397366422, 2.188964399969354, 0.0], [-0.8775055670723131, 2.25415637910792, 0.0], [-0.7965775929692642, 2.3148523596852058, 0.0], [-0.7336336131113375, 2.3733003409818516, 0.0], [-0.6886736274985344, 2.4182603265946576, 0.0], [-0.6774336310953327, 2.4295003229978573, 0.0]]]}, "mtl": 0}, {"geom": {"lines": [[[-3.3903082004107743, -0.046920332997748795, 0.0], [-3.288816933887979, 0.04155923268878974, 0.0], [-3.205542048535943, 0.11182241720457113, 0.0], [-3.156097585358171, 0.1560622000478409, 0.0], [-3.104050782013148, 0.20810900339286317, 0.0], [-3.0494016385008744, 0.2627581469051366, 0.0], [-2.9973548351558508, 0.317407290417411, 0.0], [-2.95051271214533, 0.37726111426418774, 0.0], [-2.919284630138317, 0.43971727827821466, 0.0], [-2.888056548131303, 0.5073781226267449, 0.0], [-2.828202724284527, 0.6244834301530472, 0.0], [-2.789167621775759, 0.6895419343343253, 0.0], [-2.7475301790997406, 0.7754191598536136, 0.0], [-2.716302097092727, 0.8248636230313847, 0.0], [-2.6486412527441976, 0.8847174468781615, 0.0], [-2.5263312648833933, 0.957582971561193, 0.0], [-2.367588514681074, 1.0174367954079697, 0.0], [-2.250483207154772, 1.0720859389202442, 0.0], [-2.151594280799229, 1.1215304020980152, 0.0], [-2.026681952771173, 1.1943959267810478, 0.0], [-1.932997706750132, 1.2490450702933222, 0.0], [-1.748231554875301, 1.3895714393248841, 0.0], [-1.6363309276835014, 1.4572322836734133, 0.0], [-1.438553074972414, 1.5613258903634597, 0.0], [-1.3734945707911357, 1.6055656732067285, 0.0], [-1.093092417769825, 1.7246227358584687, 0.0], [-1.0098175324177883, 1.7662601785344865, 0.0], [-0.871893503553477, 1.8339210228830165, 0.0], [-0.7053437328494044, 1.9171959082350538, 0.0], [-0.616864167162865, 1.9744473919145784, 0.0], [-0.5179752408073213, 2.0238918550923506, 0.0], [-0.4555190767932932, 2.0577222772666155, 0.0], [-0.35988307564681354, 2.116925516071579, 0.0], [-0.2635964894585219, 2.2054050817581174, 0.0], [-0.2167543664480004, 2.239235503932382, 0.0], [-0.14909352209947102, 2.2990893277791593, 0.0], [-0.06061395641293155, 2.3823642131311957, 0.0], [-0.0111694932351597, 2.4266039959744643, 0.0]]]}, "mtl": 0}, {"geom": {"lines": [[[-3.3942117106616565, -0.42556082733280676, 0.0], [-3.3161415056441212, -0.389128064991291, 0.0], [-3.2042408784523224, -0.32927424114451476, 0.0], [-3.1027496119295273, -0.2642157369632362, 0.0], [-3.0012583454067325, -0.1783385114439483, 0.0], [-2.936199841225454, -0.0326074620778832, 0.0], [-2.894562398549436, 0.09230486595017162, 0.0], [-2.8373109148699105, 0.19119379230571482, 0.0], [-2.7514336893506233, 0.3239131408355231, 0.0], [-2.6707611441658368, 0.4123927065220626, 0.0], [-2.618714340820814, 0.4644395098670859, 0.0], [-2.5588605169740375, 0.5164863132121081, 0.0], [-2.4521645701167403, 0.6882407642506839, 0.0], [-2.36108266426295, 0.8391764939512504, 0.0], [-2.22315863539864, 0.9536794613103015, 0.0], [-2.0826322663670775, 1.04215902699684, 0.0], [-1.8959143593668077, 1.124783327307064, 0.0], [-1.776206711673255, 1.156011409314079, 0.0], [-1.5732241786276653, 1.20545587249185, 0.0], [-1.427493129261601, 1.236683954498864, 0.0], [-1.2999784610662946, 1.2809237373421336, 0.0], [-1.1542474117002306, 1.330368200519905, 0.0], [-1.0579608255119384, 1.4214501063736944, 0.0], [-0.8608335578426635, 1.592553972370458, 0.0], [-0.7697516519888731, 1.6654194970534895, 0.0], [-0.6630557051315766, 1.7252733209002673, 0.0], [-0.5121199754310091, 1.7773201242452894, 0.0], [-0.30653510221816893, 1.834571607924815, 0.0], [-0.14258767168134678, 1.9048347924405964, 0.0], [0.07275597715868609, 2.013482494423331, 0.0], [0.24711276836451357, 2.0863480191063637, 0.0], [0.4084578587340837, 2.140997162618638, 0.0], [0.5333701867621399, 2.1800322651274042, 0.0], [0.653077834455692, 2.2138626873016696, 0.0], [0.7252927740969117, 2.23728374880693, 0.0]]]},