{"type": "block", "layer": 0, "block": 0, "features": [{"geom": {"lines": [[[-20.118765801404383, 40.94645962641216, 0.0], [-21.33110204523238, 39.547610114302934, 0.0], [-22.0771551183573, 38.7083004070374, 0.0], [-23.19623472804468, 37.12293762664693, 0.0], [-24.408570971872678, 35.6308314803971, 0.0], [-25.154624044997597, 33.858955431725406, 0.0], [-24.874854142575753, 32.18033601719434, 0.0], [-24.035544435310214, 31.061256407506953, 0.0], [-21.983898484216684, 30.688229870944493, 0.0], [-19.39149994697139, 30.517342116536685, 0.0], [-17.169959139669867, 30.517342116536685, 0.0], [-15.589247411397627, 30.43189823933279, 0.0], [-12.299658139047304, 30.560064055138636, 0.0], [-9.821785700134066, 30.730951809546443, 0.0], [-7.258469384016925, 30.730951809546443, 0.0], [-3.926158173064642, 30.730951809546443, 0.0], [-1.5337296113553167, 30.730951809546443, 0.0], [0.303313748528633, 30.175566607721063, 0.0], [1.32864027497549, 29.492015590089828, 0.0], [1.2859183363735371, 28.851186511060547, 0.0], [1.2004744591696315, 28.124913554827355, 0.0], [0.9441428275579256, 27.313196721390256, 0.0], [0.34603568713058586, 26.715089580962925, 0.0], [-1.3201199183455525, 26.031538563331694, 0.0], [-1.704617365763128, 25.3052656070985, 0.0], [-3.242607155433408, 24.53627071226336, 0.0], [-5.805923471550544, 22.91283704538917, 0.0], [-7.044859691007171, 22.05839827335012, 0.0], [-11.57338518281411, 18.384311553582215, 0.0], [-15.461081595591775, 15.009278404027988, 0.0], [-17.682622402893294, 12.702293719522567, 0.0], [-20.587714227826055, 10.053533526201528, 0.0], [-21.82665044728267, 8.472821797929289, 0.0], [-23.236474421147097, 5.396842218588716, 0.0], [-23.15103054394319, 3.6025207973067186, 0.0], [-22.119188921859532, 2.522255192878345, 0.0], [-19.646389713155276, 1.5825914935707224, 0.0], [-17.074678536102855, 1.2363996043521266, 0.0], [-14.502967359050434, 0.6429277942631094, 0.0], [-11.436696340257157, 0.4945598417408526, 0.0], [-8.66716122650839, -0.19782393669633908, 0.0], [-5.353610286844695, -0.5934718100890172, 0.0], [-2.3367952522255098, -1.335311572700291, 0.0], [0.9272997032641062, -2.0771513353115703, 0.0], [5.131058358061347, -2.3738872403560887, 0.0], [9.235905044510396, -2.769535113748762, 0.0], [10.917408506429293, -2.769535113748762, 0.0]]]}, "mtl": 0}, {"geom": {"lines": [[[11.028684470820982, -2.818991097922849, 0.0], [15.182987141444126, -3.016815034619188, 0.0], [17.556874381800213, -3.264094955489614, 0.0], [21.71117705242336, -3.956478733926806, 0.0], [24.579624134520294, -4.648862512363992, 0.0], [27.200791295746797, -5.390702274975267, 0.0], [29.62413452027698, -6.330365974282885, 0.0], [32.195845697329396, -7.5667655786350165, 0.0], [34.07517309594462, -9.433728981206727, 0.0], [34.61918892185955, -10.670128585558844, 0.0], [34.223541048466885, -11.560336300692384, 0.0], [33.33333333333336, -12.648367952522248, 0.0], [32.1463897131553, -14.132047477744807, 0.0], [30.613254203758665, -15.467359050445097, 0.0], [29.5252225519288, -16.456478733926804, 0.0], [28.43719090009893, -17.39614243323442, 0.0], [26.013847675568748, -20.004945598417404, 0.0], [25.86547972304649, -20.697329376854587, 0.0], [25.321463897131558, -22.032640949554892, 0.0], [24.5301681503462, -23.318496538081096, 0.0], [24.03560830860535, -24.40652818991097, 0.0], [23.095944609297725, -25.34619188921858, 0.0], [21.117705242334328, -26.33531157270029, 0.0], [19.337289812067272, -27.225519287833816, 0.0], [16.12265084075174, -28.709198813056368, 0.0], [12.21562809099902, -30.143422354104835, 0.0], [11.275964391691407, -30.440158259149342, 0.0], [9.903560830860547, -31.71364985163204, 0.0], [8.568249258160254, -33.048961424332326, 0.0], [8.222057368941659, -34.33481701285855, 0.0], [8.024233432245321, -35.62067260138475, 0.0], [9.21117705242336, -36.31305637982195, 0.0], [10.94213649851633, -36.41196834817011, 0.0], [14.552423343224552, -35.91740850642926, 0.0], [16.92631058358063, -35.71958456973294, 0.0], [19.003461918892196, -35.521760633036585, 0.0], [21.57517309594462, -35.67012858555885, 0.0], [24.344708209693387, -35.571216617210666, 0.0], [28.004451038575684, -35.42284866468841, 0.0], [31.66419386745798, -35.67012858555885, 0.0], [34.08753709198814, -35.86795252225518, 0.0], [35.50939663699309, -35.95450049455984, 0.0], [37.09198813056383, -36.350148367952514, 0.0], [38.67457962413455, -37.19090009891196, 0.0], [40.405539070227526, -38.67457962413451, 0.0], [41.79030662710189, -40.75173095944608, 0.0], [42.334322453016824, -41.493570722057356, 0.0]]]}, "mtl": 0}]}