{"type": "block", "layer": 0, "block": 0, "features": [{"geom": {"lines": [[[-31.32772160209961, 18.270638156499597, 0.0], [-29.458431382331096, 18.83435248183263, 0.0], [-28.171482625902, 19.686747112714247, 0.0], [-26.95138835032635, 20.756418806369602, 0.0], [-26.19927544072493, 21.59209981703785, 0.0], [-25.399040523070116, 22.750550752861294, 0.0], [-24.91994459965401, 23.506048170555918, 0.0], [-24.311861312241255, 24.537947082529072, 0.0], [-23.31681593283857, 25.901527787636457, 0.0], [-22.56131851514394, 26.43590400990827, 0.0], [-21.253018108892263, 27.117694362461958, 0.0], [-20.663361587764744, 27.467802921881425, 0.0], [-19.852583871214406, 27.81791148130089, 0.0], [-18.9496723232379, 28.05745944300894, 0.0], [-18.23102843811374, 28.075886209294175, 0.0], [-17.18070275985535, 28.075886209294175, 0.0], [-16.498912407301663, 27.965325611582767, 0.0], [-15.17218523476475, 27.9284720790123, 0.0], [-13.455016766428685, 27.16354476367119, 0.0], [-12.559102782948989, 26.096980497623946, 0.0], [-11.513869802222676, 24.454471527911174, 0.0], [-10.788606101310549, 22.747968702235568, 0.0], [-10.063342400398417, 21.254778729769416, 0.0], [-9.167428416918732, 19.612269760056655, 0.0], [-7.972876438945803, 18.055085931627666, 0.0], [-6.010398189418859, 17.137840662827028, 0.0], [-4.4105517903479825, 17.095178092185133, 0.0], [-2.2294278662813527, 17.2658283747527, 0.0], [-0.2669496167544083, 17.308490945394578, 0.0], [1.5248783502049723, 17.479141227962153, 0.0], [3.2100498905596297, 17.820441793097263, 0.0], [4.831227574951457, 18.417717782083724, 0.0], [6.004448267603424, 19.42028819216814, 0.0], [6.7937058244783906, 20.87081559399241, 0.0], [7.689619807958092, 22.513324563705172, 0.0], [8.350889652907378, 23.921189394887545, 0.0], [9.097484639140463, 25.371716796711805, 0.0], [9.566772916201248, 26.416949777438116, 0.0], [10.377361758397164, 27.760820752657654, 0.0], [10.867981320778897, 28.208777744397494, 0.0]]]}, "mtl": 0}, {"geom": {"lines": [[[-31.34215203955948, 9.39645384628779, 0.0], [-30.269625776002652, 10.441479436420078, 0.0], [-28.666141923271688, 11.462451622737555, 0.0], [-26.726867173145337, 12.604468975589747, 0.0], [-25.21854236749151, 13.746486328441929, 0.0], [-23.300815114588787, 16.15980601748805, 0.0], [-22.05106027561847, 18.249913248179787, 0.0], [-20.499640475517396, 20.490852959436904, 0.0], [-19.027949108580877, 22.205747560740033, 0.0], [-17.830640877852865, 22.654738147263032, 0.0], [-16.58344480417786, 22.255635403687034, 0.0], [-15.61063186671136, 20.484616979068523, 0.0], [-14.937145986926852, 18.663710711503008, 0.0], [-14.36343579303635, 17.391570716354494, 0.0], [-13.415566777043336, 15.89493542794448, 0.0], [-12.342978153682838, 14.248636610693476, 0.0], [-11.494884823583822, 13.126160144385963, 0.0], [-10.174541393178894, 11.791625671271252, 0.0], [-9.16059264840438, 10.944353432487073, 0.0], [-7.024467543784857, 10.306174977994932, 0.0], [-4.7908429530623575, 9.685723702794235, 0.0], [-2.769944513837247, 9.685723702794235, 0.0], [-0.7845004331950289, 9.933904212874518, 0.0], [3.2307056763180353, 10.908899073904173, 0.0], [5.251604115543151, 12.238437520762805, 0.0], [6.811595893190603, 13.922519553450396, 0.0], [8.017044085009095, 16.014326709841306, 0.0], [8.885675870290067, 17.769317459694697, 0.0], [10.099987651754272, 20.44612153270341, 0.0], [11.03952815420104, 22.30747535830548, 0.0], [12.564065573265603, 24.97984763649132, 0.0], [13.964512737290026, 26.13211429043547, 0.0], [14.56723683319927, 26.078932752561123, 0.0], [15.045870674068373, 25.58257173240057, 0.0], [15.418141439188782, 24.784848664285388, 0.0], [16.481772196675692, 21.16850408882992, 0.0], [17.04904193400204, 18.615790270861353, 0.0], [18.006309615740257, 16.24034824580728, 0.0], [19.301811921160272, 14.5519129600279, 0.0], [20.650209465178047, 13.272078002994075, 0.0], [21.507241802477484, 12.4836082526786, 0.0], [23.117688656606774, 11.140055658881188, 0.0], [24.456291545341134, 10.040877677074922, 0.0], [26.10777925562925, 8.81382502906844, 0.0]]]}, "mtl": 0}, {"geom": {"lines": [[[-31.286138995427965, -4.697273235226557, 0.0], [-27.69247514236749, -2.900441308696324, 0.0], [-25.59617122808222, -1.2233981772681004, 0.0], [-23.73944490400098, 0.8130113394661651, 0.0], [-21.703035387266713, 4.167097602322598, 0.0], [-20.385358641144542, 6.08371832395485, 0.0], [-19.067681895022364, 7.461289467628037, 0.0], [-17.86979394400221, 7.9404446480361, 0.0], [-17.031272378288097, 7.880550250485084, 0.0], [-16.252645210125, 7.461289467628037, 0.0], [-15.354229246859873, 5.1853023606897395, 0.0], [-14.575602078696775, 3.32857603660849, 0.0], [-13.497502922778637, 1.4119553149762387, 0.0], [-11.880354188901427, -0.8640317919620515, 0.0], [-10.023627864820185, -3.0202301037983412, 0.0], [-7.44816877012685, -4.517590042573535, 0.0], [-4.034188109719395, -4.996745222981595, 0.0], [-0.38062985910791713, -4.697273235226557, 0.0], [3.332822789054568, -3.798857271961441, 0.0], [6.028070678849917, -1.8822365503291927, 0.0], [7.585325015176125, 0.3338561590581023, 0.0], [8.663424171094258, 2.5499488684453904, 0.0], [10.10088971231845, 5.245196758240748, 0.0], [11.418566458440626, 8.06023344313811, 0.0], [12.616454409460776, 10.216431754974396, 0.0], [13.574764770276904, 11.234636513341524, 0.0], [14.23360314333799, 11.47421410354556, 0.0], [14.89244151639908, 11.354425308443542, 0.0], [15.371596696807144, 10.635692537831444, 0.0], [15.970540672317224, 8.06023344313811, 0.0], [16.809062238031323, 5.1853023606897395, 0.0], [17.947055791500468, 1.9510048929353103, 0.0], [18.845471754765608, 0.5734337492621304, 0.0], [20.402726091091804, -1.043714984615081, 0.0], [22.139663620071026, -2.541074923390275, 0.0], [23.4573403661932, -3.858751669512446, 0.0], [26.15258825598856, -5.715477993593689, 0.0]]]}, "mtl": 0}, {"geom": {"lines": [[[-31.329358620097114, 1.3097528457548482, 0.0], [-27.396762320388767, 3.4273046994439573, 0.0], [-24.79519861442786, 5.786862479268971, 0.0], [-23.040655649942593, 8.267423222161927, 0.0], [-21.64912157466118, 10.384975075851036, 0.0], [-19.83407712864194, 12.74453285567605, 0.0], [-18.38204157182655, 13.894061004821562, 0.0], [-16.930006015011163, 14.075565449423488, 0.0], [-15.84097934739962, 12.6235298926081, 0.0], [-15.356967495127815, 11.171494335792708, 0.0], [-14.146937864448327, 8.630432111365774, 0.0], [-13.299917122972682, 6.9363906284144825, 0.0], [-11.908383047691268, 5.000343219327293, 0.0], [-10.153840083206001, 3.124797291774082, 0.0], [-8.096789711050867, 1.733263216492666, 0.0], [-5.55572748662393, 1.2492513642208705, 0.0], [-2.167644520721357, 0.7652395119490747, 0.0], [-0.7156089639059671, 1.3702543272888192, 0.0], [3.0354828912004583, 1.9752691426285705, 0.0], [4.548019929549829, 3.124797291774082, 0.0], [6.786574746306884, 5.302850626997169, 0.0], [8.299111784656255, 7.964915814492058, 0.0], [9.327636970733833, 10.384975075851036, 0.0], [10.295660675277407, 12.563028411074123, 0.0], [11.868699195160747, 15.285595080102977, 0.0], [13.744245122713961, 17.463648415326066, 0.0], [14.712268827257557, 17.403146933792094, 0.0], [15.377785124131282, 16.677129155384392, 0.0], [15.498788087199234, 15.225093598569007, 0.0], [16.043301421005008, 13.410049152549766, 0.0], [16.70881771787873, 11.11099285425873, 0.0], [17.374334014752446, 8.630432111365774, 0.0], [19.189378460771678, 5.847363960802943, 0.0], [20.88341994372297, 4.274325440919607, 0.0], [23.242977723547988, 2.3987795133663883, 0.0], [24.93701920649928, 1.1282484011529215, 0.0], [26.13192346679527, 0.22072617814330128, 0.0]]]},