{"type": "block", "layer": 1, "block": 0, "features": [{"geom": {"lines": [[[-31.414358636881424, 10.165888876439764, 0.0], [-29.05829882961462, 10.820349934013878, 0.0], [-27.313069342750325, 11.431180254416379, 0.0], [-25.829624278915674, 12.042010574818887, 0.0], [-23.953502580536544, 12.783733106736209, 0.0], [-21.684704247612963, 13.699978587339976, 0.0], [-19.415905914689368, 14.48533185642891, 0.0], [-17.75793790216829, 14.878008490973372, 0.0], [-16.623538735706493, 14.79074701663016, 0.0], [-14.878309248842198, 13.787240061683185, 0.0], [-13.002187550463074, 12.740102369564612, 0.0], [-10.64612774319627, 11.387549517244773, 0.0], [-7.461083929668932, 10.12225813926816, 0.0], [-5.7594851799762425, 10.12225813926816, 0.0], [-2.5744413664488928, 10.253150350782981, 0.0], [0.8723868701080995, 10.471304036641016, 0.0], [3.664754049090968, 10.820349934013878, 0.0], [5.366352798783658, 11.562072465931207, 0.0], [7.028610093398868, 12.560229645789086, 0.0], [8.779175377066984, 13.478558974926456, 0.0], [10.472345077664013, 14.368190512528288, 0.0], [11.935932445976693, 15.372613216272285, 0.0], [13.629102146573723, 15.975266838518685, 0.0], [14.69092043338881, 15.917871255447597, 0.0], [15.92492546941715, 15.056937509381315, 0.0], [17.302419463123208, 13.851630264888513, 0.0], [18.53642449915155, 12.84720756114451, 0.0], [20.315687574355202, 12.014971606613774, 0.0], [22.2312651593527, 11.12534006901194, 0.0], [24.35490173298286, 10.379197489087831, 0.0], [25.81848910129555, 9.920032824519145, 0.0], [26.019373642044354, 9.862637241448057, 0.0]]]}, "mtl": 0}, {"geom": {"lines": [[[-31.334885971879846, -11.601089634978107, 0.0], [-30.359889547549322, -11.822679731416862, 0.0], [-29.42921114250655, -12.04426982785562, 0.0], [-28.542850756751527, -12.620404078596383, 0.0], [-27.878080467435257, -13.063584271473893, 0.0], [-27.16899215883124, -13.684036541502408, 0.0], [-26.41558583093947, -14.924941081559439, 0.0], [-25.750815541623208, -15.988573544465467, 0.0], [-25.307635348745695, -16.741979872357227, 0.0], [-25.04172723301919, -18.293110547428522, 0.0], [-25.04172723301919, -19.00219885603254, 0.0], [-24.997409213731437, -19.888559241787565, 0.0], [-24.509911001566177, -20.730601608254826, 0.0], [-23.84514071224991, -21.927188129024117, 0.0], [-23.224688442221396, -23.434000784807644, 0.0], [-21.717875786437858, -24.76354136344018, 0.0], [-20.16674511136657, -25.383993633468695, 0.0], [-18.34970632056877, -25.649901749195205, 0.0], [-17.5076639541015, -25.251039575605446, 0.0], [-16.84289366478524, -24.36467918985042, 0.0], [-16.08948733689347, -23.478318804095395, 0.0], [-15.158808931850698, -22.14877822546286, 0.0], [-14.538356661822183, -20.996509723981337, 0.0], [-14.139494488232424, -19.888559241787565, 0.0], [-13.962222411081415, -18.027202431702012, 0.0], [-13.519042218203909, -15.323803255149198, 0.0], [-13.208816083189651, -13.55108248363916, 0.0], [-12.499727774585628, -11.866997750704618, 0.0], [-11.923593523844866, -10.493139152784327, 0.0], [-11.081551157377595, -8.543146304123287, 0.0], [-10.239508790910323, -6.637471474749988, 0.0], [-8.644060096551293, -3.8011182403339103, 0.0], [-7.181565460055506, -2.7374857774278922, 0.0], [-4.478166283502688, -1.673853314521864, 0.0], [-1.9077211648131254, -0.9647650059178485, 0.0], [0.574087915300936, -0.56590283232809, 0.0], [2.0809005710844763, -1.009083025205601, 0.0], [4.872935786212784, -1.496581237370861, 0.0], [5.449070036953563, -2.0727154881116223, 0.0], [6.113840326269814, -3.5352101246074157, 0.0], [6.955882692737092, -4.9533867418154465, 0.0], [7.886561097779865, -6.726107513325483, 0.0], [8.35190030030124, -9.119280554864048, 0.0], [8.662126435315509, -10.094276979194568, 0.0], [8.88371653175426, -11.512453596402604, 0.0], [9.282578705344024, -12.620404078596383, 0.0], [9.282578705344024, -13.684036541502408, 0.0], [9.415532763207269, -15.057895139422692, 0.0], [9.504168801782775, -16.210163640904224, 0.0], [9.459850782495028, -17.273796103810252, 0.0], [9.681440878933778, -18.160156489565264, 0.0], [10.213257110386786, -19.17947093318354, 0.0], [10.922345418990808, -19.799923203212057, 0.0], [12.251885997623347, -20.86355566611808, 0.0], [13.226882421953867, -20.15446735751407, 0.0], [13.980288749845627, -19.26810697175904, 0.0], [15.088239232039413, -18.381746586004024, 0.0], [15.97459961779444, -17.052206007371492, 0.0], [16.68368792639846, -15.811301467314463, 0.0], [16.68368792639846, -14.570396927257432, 0.0], [16.506415849247446, -13.063584271473893, 0.0], [16.550733868535193, -11.423817557827103, 0.0], [16.816641984261704, -9.29655263201505, 0.0], [16.993914061412706, -7.257923744778503, 0.0], [17.392776235002472, -5.219294857541951, 0.0], [18.234818601469737, -2.5602137002768823, 0.0], [18.810952852210495, -0.9204469866300927, 0.0], [20.051857392267546, 0.8965918041676966, 0.0], [21.470034009475558, 2.4477224792389882, 0.0], [23.19843676169786, 4.2647612700367805, 0.0], [24.882521494632403, 5.638619867957069, 0.0], [26.300698111840425, 6.702252330863094, 0.0]]]}, "mtl": 0}]}