{"type": "block", "layer": 2, "block": 0, "features": [{"geom": {"lines": [[[-40.06073489894028, 35.50139156265023, 0.0], [-39.63800699688015, 36.45252934228552, 0.0], [-38.827778517931556, 38.03775897501104, 0.0], [-37.911868063467935, 38.88321477913129, 0.0], [-35.65731925248055, 39.76389790842324, 0.0], [-32.87436056391799, 40.67980836288686, 0.0], [-32.24026871082779, 40.89117231391694, 0.0]]]}, "mtl": 0}, {"geom": {"lines": [[[-40.09956874876781, 23.23642738969755, 0.0], [-39.186648109398114, 25.214422108331867, 0.0], [-38.39545022194439, 27.34457026686114, 0.0], [-37.117361326826824, 29.931178745075268, 0.0], [-35.74798036777229, 32.09175759158352, 0.0], [-34.713336976486644, 33.27855442276411, 0.0], [-33.1005105136002, 34.404489877986734, 0.0], [-31.396391986776777, 35.59128670916733, 0.0], [-29.63141208399538, 36.59549941247399, 0.0], [-27.866432181213984, 37.69100417971761, 0.0], [-25.918868150558648, 38.75607825898224, 0.0], [-24.85379407129401, 39.39512270654103, 0.0], [-23.545274488197453, 40.03416715409981, 0.0], [-22.358477657016863, 40.73407297761658, 0.0]]]}, "mtl": 0}, {"geom": {"lines": [[[-40.070821828793065, 16.68375159112333, 0.0], [-39.15491137432944, 17.881480646960387, 0.0], [-38.16854626952246, 19.079209702797424, 0.0], [-36.865135238170375, 20.453075384492866, 0.0], [-36.195816059908495, 21.192849213098096, 0.0], [-35.06854165441481, 22.32012361859179, 0.0], [-34.117403874779505, 23.05989744719702, 0.0], [-32.919674818942454, 23.905353251317287, 0.0], [-31.792400413448764, 24.574672429579163, 0.0], [-30.55944403244004, 25.525810209214473, 0.0], [-29.220805675916285, 26.512175314021455, 0.0], [-27.67080336836245, 27.886040995716893, 0.0], [-26.71966558872715, 29.1542247018973, 0.0], [-25.874209784606883, 30.49286305842105, 0.0], [-24.782162704284872, 31.972410715631526, 0.0], [-23.654888298791178, 33.522413023185344, 0.0], [-22.140113316409032, 35.53037055797098, 0.0], [-19.850337180249966, 36.51673566277796, 0.0], [-18.406016848211177, 37.0803728655248, 0.0], [-15.6582854848203, 38.207647271018494, 0.0], [-13.333282023489568, 39.01787574996708, 0.0], [-11.360551813875603, 39.65196760305728, 0.0], [-9.317366953918294, 40.356514106490856, 0.0], [-7.908273947051169, 40.81446933372266, 0.0]]]}, "mtl": 0}, {"geom": {"lines": [[[-40.102040124829045, 3.841332779532713, 0.0], [-39.20284041257296, 4.021172721983929, 0.0], [-38.123800757865645, 4.560692549337595, 0.0], [-37.449400973673576, 5.145172362304045, 0.0], [-36.50524127580468, 6.044372074560143, 0.0], [-35.15644170742054, 7.977651455910739, 0.0], [-34.39212195200286, 9.236531053069259, 0.0], [-33.71772216781079, 10.5403706358406, 0.0], [-33.133242354844334, 11.70933026177351, 0.0], [-32.683642498716296, 12.563569988416806, 0.0], [-32.054202700137026, 13.552689671898511, 0.0], [-31.199962973493733, 14.721649297831432, 0.0], [-30.660443146140082, 15.396049082023499, 0.0], [-28.322523894274244, 16.744848650407636, 0.0], [-27.28844422517974, 17.329328463374097, 0.0], [-25.40012482944194, 18.18356819001738, 0.0], [-23.556765419316957, 18.63316804614543, 0.0], [-21.578526052353553, 19.397487801563113, 0.0], [-18.656126987521247, 20.476527456270407, 0.0], [-16.72284760617065, 21.46564713975212, 0.0], [-13.845408526951159, 22.409806837621012, 0.0], [-12.586528929792628, 22.81444670813626, 0.0], [-10.518369591603616, 23.66868643477954, 0.0], [-8.045570382899358, 24.43300619019722, 0.0], [-3.066251976281248, 26.68100547083745, 0.0], [-1.0880126093178455, 27.80500511115756, 0.0], [-0.053932940223339054, 28.61428485218805, 0.0], [1.3847865993864006, 30.187884348636214, 0.0], [2.643666196544936, 31.581643902633154, 0.0], [3.7227058512522504, 32.525803600502044, 0.0], [6.903624833358157, 34.8637228523679, 0.0], [8.387304358580716, 36.21252242075203, 0.0], [10.095783811867298, 37.51636200352337, 0.0], [11.714343293928264, 38.73028161506908, 0.0], [12.973222891086788, 39.899241241002, 0.0], [13.872422603342882, 40.79844095325811, 0.0], [14.097222531406906, 41.02324088132213, 0.0]]]}, "mtl": 0}, {"geom": {"lines": [[[-40.16026885490193, -8.505172238590026, 0.0], [-38.13044352444604, -6.735580924859241, 0.0], [-36.4649458174053, -5.330317234543628, 0.0], [-35.476056553849865, -4.445521577678242, 0.0], [-34.43512048694941, -3.4045855107777774, 0.0], [-33.34213761670392, -2.311602640532299, 0.0], [-32.30120154980347, -1.2186197702868156, 0.0], [-31.36435908959305, -0.021543293351295453, 0.0], [-30.739797449452784, 1.2275799869292576, 0.0], [-30.1152358093125, 2.5807968738998626, 0.0], [-28.91815933237698, 4.922903024425899, 0.0], [-28.137457282201634, 6.224073108051461, 0.0], [-27.304708428681266, 7.941617618437218, 0.0], [-26.68014678854099, 8.93050688199266, 0.0], [-25.326929901570395, 10.127583358928185, 0.0], [-22.880730144354317, 11.584893852588825, 0.0], [-19.705875140307917, 12.78197032952435, 0.0], [-17.363768989781885, 13.87495319976984, 0.0], [-15.385990462671012, 14.863842463325271, 0.0], [-12.887743902109916, 16.321152956985912, 0.0], [-11.01405898168909, 17.41413582723139, 0.0], [-7.318735944192461, 20.224663207862637, 0.0], [-5.080723400356469, 21.577880094833223, 0.0], [-1.125166346134726, 23.65975222863415, 0.0], [0.17600373749084852, 24.544547885499536, 0.0], [5.784046797917064, 26.92568913853433, 0.0], [7.449544504957794, 27.758437992054695, 0.0], [10.20802508224401, 29.1116548790253, 0.0], [13.53902049632547, 30.777152586066034, 0.0], [15.308611810056261, 31.922182259656534, 0.0], [17.286390337167134, 32.91107152321197, 0.0], [18.535513617447684, 33.587679966697266, 0.0], [20.44823364037728, 34.771744742796535, 0.0], [22.37396536414313, 36.54133605652732, 0.0], [23.310807824353542, 37.2179445000126, 0.0], [24.664024711324128, 38.41502097694815, 0.0], [26.433616025054928, 40.08051868398887, 0.0], [27.422505288610367, 40.965314340854256, 0.0]]]}, "mtl": 0}, {"geom": {"lines": [[[-40.23833905991957, -16.077982125291175, 0.0], [-38.676934959568875, -15.349326878460861, 0.0], [-36.43892241573289, -14.152250401525336, 0.0], [-34.409097085277, -12.851080317899765, 0.0], [-32.3792717548211, -11.133535807514008, 0.0], [-31.078101671195522, -8.218914820192715, 0.0], [-30.24535281767516, -5.720668259631613, 0.0], [-29.100323144084655, -3.7428897325207395, 0.0], [-27.3827786336989, -1.0885027619245733, 0.0], [-25.769327730003177, 0.6810885518062075, 0.0], [-24.728391663102727, 1.7220246187066726, 0.0], [-23.531315186167195, 2.762960685607128, 0.0], [-21.39739624902125, 6.198049706378643, 0.0], [-19.575758131945452, 9.216764300389972, 0.0], [-16.81727755465924, 11.506823647570986, 0.0], [-14.006750174028, 13.276414961301755, 0.0], [-10.272392034022598, 14.928900967506245, 0.0], [-7.878239080151539, 15.553462607646523, 0.0], [-3.8185884192397435, 16.542351871201966, 0.0], [-0.9039674319184676, 17.166913511342244, 0.0], [1.6463259319876689, 18.05170916820763, 0.0], [4.56094691930894, 19.040598431763062, 0.0], [6.486678643074795, 20.862236548838865, 0.0], [10.42922399646029, 24.284313868774117, 0.0], [12.250862113536087, 25.741624362434766, 0.0], [14.384781050682028, 26.938700839370302, 0.0], [17.403495644693358, 27.979636906270756, 0.0], [21.51519310895017, 29.12466657986126, 0.0], [24.794141719686625, 30.529930270176887, 0.0], [29.10101469648727, 32.70288430983159, 0.0], [32.58815052060382, 34.16019480349223, 0.0], [35.81505232799523, 35.25317767373772, 0.0], [38.313298888556346, 36.03387972391305, 0.0], [40.70745184242739, 36.71048816739836, 0.0], [42.15175063525179, 37.17890939750356, 0.0]]]},